file,class,method,constructor,line,cbo,wmc,rfc,loc,returns,variables,parameters,startLine,loopQty,comparisonsQty,tryCatchQty,parenthesizedExpsQty,stringLiteralsQty,numbersQty,assignmentsQty,mathOperationsQty,maxNestedBlocks,anonymousClassesQty,subClassesQty,lambdasQty,uniqueWordsQty,modifiers
/home/jovyan/work/toolkit/../dataSets/linkedListsStudy/linked-lists/PersonaLinkedList/ArticulosDP.java,ArticulosDP,setPrecio/1[java.lang.String],false,89,0,1,0,3,0,0,1,89,0,0,0,0,0,0,1,0,0,0,0,0,3,1
/home/jovyan/work/toolkit/../dataSets/linkedListsStudy/linked-lists/PersonaLinkedList/ArticulosDP.java,ArticulosDP,setMarca/1[java.lang.String],false,84,0,1,0,3,0,0,1,84,0,0,0,0,0,0,1,0,0,0,0,0,4,1
/home/jovyan/work/toolkit/../dataSets/linkedListsStudy/linked-lists/PersonaLinkedList/ArticulosDP.java,ArticulosDP,getNombre/0,false,42,0,1,0,3,1,0,0,42,0,0,0,0,0,0,0,0,0,0,0,0,2,1
/home/jovyan/work/toolkit/../dataSets/linkedListsStudy/linked-lists/PersonaLinkedList/ArticulosDP.java,ArticulosDP,setNombre/1[java.lang.String],false,74,0,1,0,3,0,0,1,74,0,0,0,0,0,0,1,0,0,0,0,0,3,1
/home/jovyan/work/toolkit/../dataSets/linkedListsStudy/linked-lists/PersonaLinkedList/ArticulosDP.java,ArticulosDP,setExistencia/1[java.lang.String],false,79,0,1,0,3,0,0,1,79,0,0,0,0,0,0,1,0,0,0,0,0,3,1
/home/jovyan/work/toolkit/../dataSets/linkedListsStudy/linked-lists/PersonaLinkedList/ArticulosDP.java,ArticulosDP,getMarca/0,false,52,0,1,0,3,1,0,0,52,0,0,0,0,0,0,0,0,0,0,0,0,2,1
/home/jovyan/work/toolkit/../dataSets/linkedListsStudy/linked-lists/PersonaLinkedList/ArticulosDP.java,ArticulosDP,getExistencia/0,false,47,0,1,0,3,1,0,0,47,0,0,0,0,0,0,0,0,0,0,0,0,2,1
/home/jovyan/work/toolkit/../dataSets/linkedListsStudy/linked-lists/PersonaLinkedList/ArticulosDP.java,ArticulosDP,getNext/0,false,63,1,1,0,3,1,0,0,63,0,0,0,0,0,0,0,0,0,0,0,0,5,1
/home/jovyan/work/toolkit/../dataSets/linkedListsStudy/linked-lists/PersonaLinkedList/ArticulosDP.java,ArticulosDP,ArticulosDP/1[java.lang.String],true,25,0,1,1,8,0,1,1,25,0,0,0,0,1,0,6,0,0,0,0,0,7,1
/home/jovyan/work/toolkit/../dataSets/linkedListsStudy/linked-lists/PersonaLinkedList/ArticulosDP.java,ArticulosDP,getClave/0,false,37,0,1,0,3,1,0,0,37,0,0,0,0,0,0,0,0,0,0,0,0,2,1
/home/jovyan/work/toolkit/../dataSets/linkedListsStudy/linked-lists/PersonaLinkedList/ArticulosDP.java,ArticulosDP,setNext/1[ArticulosDP],false,94,1,1,0,3,0,0,1,94,0,0,0,0,0,0,1,0,0,0,0,0,6,1
/home/jovyan/work/toolkit/../dataSets/linkedListsStudy/linked-lists/PersonaLinkedList/ArticulosDP.java,ArticulosDP,setClave/1[java.lang.String],false,69,0,1,0,3,0,0,1,69,0,0,0,0,0,0,1,0,0,0,0,0,3,1
/home/jovyan/work/toolkit/../dataSets/linkedListsStudy/linked-lists/PersonaLinkedList/ArticulosDP.java,ArticulosDP,toString/0,false,100,0,1,0,3,1,0,0,100,0,0,0,0,4,0,0,1,0,0,0,0,2,1
/home/jovyan/work/toolkit/../dataSets/linkedListsStudy/linked-lists/PersonaLinkedList/ArticulosDP.java,ArticulosDP,ArticulosDP/0,true,15,0,1,0,7,0,0,0,15,0,0,0,0,5,0,5,0,0,0,0,0,3,1
/home/jovyan/work/toolkit/../dataSets/linkedListsStudy/linked-lists/PersonaLinkedList/ArticulosDP.java,ArticulosDP,getPrecio/0,false,57,0,1,0,3,1,0,0,57,0,0,0,0,0,0,0,0,0,0,0,0,2,1
/home/jovyan/work/toolkit/../dataSets/linkedListsStudy/linked-lists/PersonaLinkedList/PersonaIUG.java,PersonaIUG,print/1[java.lang.String],false,200,0,9,3,9,0,0,1,200,0,0,0,3,14,0,0,2,1,0,0,0,15,2
/home/jovyan/work/toolkit/../dataSets/linkedListsStudy/linked-lists/PersonaLinkedList/PersonaIUG.java,PersonaIUG,clrFields/0,false,122,0,1,1,7,0,0,0,122,0,0,0,0,5,0,0,0,0,0,0,0,2,1
/home/jovyan/work/toolkit/../dataSets/linkedListsStudy/linked-lists/PersonaLinkedList/PersonaIUG.java,PersonaIUG,PersonaIUG/0,true,29,0,1,6,67,0,0,0,29,0,0,0,0,23,6,25,0,0,0,0,0,57,1
/home/jovyan/work/toolkit/../dataSets/linkedListsStudy/linked-lists/PersonaLinkedList/PersonaIUG.java,PersonaIUG,actionPerformed/1[java.awt.event.ActionEvent],false,221,2,20,17,73,0,2,1,221,0,10,0,6,18,1,16,1,2,0,0,0,33,1
/home/jovyan/work/toolkit/../dataSets/linkedListsStudy/linked-lists/PersonaLinkedList/PersonaIUG.java,PersonaIUG,obtenerDatos/0,false,131,0,6,2,10,1,0,0,131,0,0,0,0,10,0,7,1,0,0,0,0,8,2
/home/jovyan/work/toolkit/../dataSets/linkedListsStudy/linked-lists/PersonaLinkedList/PersonaIUG.java,PersonaIUG,consulta/1[java.lang.String],false,161,1,6,5,22,1,1,1,161,0,2,0,0,7,0,11,0,2,0,0,0,8,2
/home/jovyan/work/toolkit/../dataSets/linkedListsStudy/linked-lists/PersonaLinkedList/PersonaIUG.java,PersonaIUG,main/1[java.lang.String[]],false,360,1,1,0,3,0,0,1,360,0,0,0,0,0,0,0,0,0,0,0,0,5,9
/home/jovyan/work/toolkit/../dataSets/linkedListsStudy/linked-lists/PersonaLinkedList/PersonaIUG.java,PersonaIUG,habilitarBotones/1[boolean],false,147,0,1,1,10,0,0,1,147,0,0,0,0,0,0,0,0,0,0,0,0,3,1
/home/jovyan/work/toolkit/../dataSets/linkedListsStudy/linked-lists/PersonaLinkedList/ArticulosADLL.java,ArticulosADLL,"venderArticulos/2[int,int]",false,209,2,1,5,11,1,3,2,209,0,0,0,0,2,1,7,1,0,0,0,0,16,1
/home/jovyan/work/toolkit/../dataSets/linkedListsStudy/linked-lists/PersonaLinkedList/ArticulosADLL.java,ArticulosADLL,ArticulosADLL/0,true,16,1,4,6,20,0,1,0,16,2,0,1,0,4,0,5,1,2,0,0,0,17,1
/home/jovyan/work/toolkit/../dataSets/linkedListsStudy/linked-lists/PersonaLinkedList/ArticulosADLL.java,ArticulosADLL,crearNodo/1[java.lang.String],false,80,1,1,1,5,1,1,1,80,0,0,0,0,1,0,1,1,0,0,0,0,8,1
/home/jovyan/work/toolkit/../dataSets/linkedListsStudy/linked-lists/PersonaLinkedList/ArticulosADLL.java,ArticulosADLL,vacia/0,false,94,0,2,1,5,1,1,0,94,0,1,0,0,0,1,2,0,0,0,0,0,3,1
/home/jovyan/work/toolkit/../dataSets/linkedListsStudy/linked-lists/PersonaLinkedList/ArticulosADLL.java,ArticulosADLL,"crearNuevoNodoVentas/2[java.lang.String,int]",false,194,1,1,2,11,0,6,2,194,0,0,0,0,5,0,6,1,0,0,0,0,14,1
/home/jovyan/work/toolkit/../dataSets/linkedListsStudy/linked-lists/PersonaLinkedList/ArticulosADLL.java,ArticulosADLL,crearNodoVentas/1[java.lang.String],false,87,1,1,1,5,1,1,1,87,0,0,0,0,1,0,1,1,0,0,0,0,9,1
/home/jovyan/work/toolkit/../dataSets/linkedListsStudy/linked-lists/PersonaLinkedList/ArticulosADLL.java,ArticulosADLL,datosListaArchivo/1[java.lang.String],false,227,1,3,2,6,1,1,1,227,0,0,0,0,5,0,3,0,0,0,0,0,7,1
/home/jovyan/work/toolkit/../dataSets/linkedListsStudy/linked-lists/PersonaLinkedList/ArticulosADLL.java,ArticulosADLL,consultarArchivo/1[java.lang.String],false,55,0,3,4,14,1,1,1,55,1,0,1,0,3,0,3,2,2,0,0,0,12,2
/home/jovyan/work/toolkit/../dataSets/linkedListsStudy/linked-lists/PersonaLinkedList/ArticulosADLL.java,ArticulosADLL,borrarNodo/1[java.lang.String],false,266,0,1,1,4,1,0,1,266,0,0,0,0,1,0,0,0,0,0,0,0,5,1
/home/jovyan/work/toolkit/../dataSets/linkedListsStudy/linked-lists/PersonaLinkedList/ArticulosADLL.java,ArticulosADLL,modificarNodo/1[java.lang.String],false,273,1,1,6,15,1,7,1,273,0,0,0,0,1,0,7,0,0,0,0,0,17,1
/home/jovyan/work/toolkit/../dataSets/linkedListsStudy/linked-lists/PersonaLinkedList/ArticulosADLL.java,ArticulosADLL,consultarNodosAD/1[java.util.LinkedList],false,122,0,3,3,8,1,2,1,122,1,1,0,0,3,2,4,1,1,0,0,0,9,2
/home/jovyan/work/toolkit/../dataSets/linkedListsStudy/linked-lists/PersonaLinkedList/ArticulosADLL.java,ArticulosADLL,consultarClave/1[java.lang.String],false,136,1,5,5,20,1,4,1,136,1,3,0,2,4,2,11,0,3,0,0,0,14,1
/home/jovyan/work/toolkit/../dataSets/linkedListsStudy/linked-lists/PersonaLinkedList/ArticulosADLL.java,ArticulosADLL,consultarNodos/1[java.lang.String],false,104,1,5,3,8,1,1,1,104,0,0,0,0,7,0,5,0,0,0,0,0,10,1
/home/jovyan/work/toolkit/../dataSets/linkedListsStudy/linked-lists/PersonaLinkedList/ArticulosADLL.java,ArticulosADLL,consultarMarca/1[java.lang.String],false,165,1,5,5,20,1,4,1,165,1,2,0,1,5,2,11,1,3,0,0,0,14,1
/home/jovyan/work/toolkit/../dataSets/linkedListsStudy/linked-lists/PersonaLinkedList/ArticulosADLL.java,ArticulosADLL,"datosListaArchivoAD/2[java.lang.String,java.util.LinkedList]",false,239,0,4,6,15,1,2,2,239,1,1,1,0,3,2,4,1,2,0,0,0,16,1
/home/jovyan/work/toolkit/../dataSets/linkedListsStudy/linked-lists/PersonaLinkedList/PersonaDP.java,PersonaDP,setPrecio/1[java.lang.String],false,89,0,1,0,3,0,0,1,89,0,0,0,0,0,0,1,0,0,0,0,0,3,1
/home/jovyan/work/toolkit/../dataSets/linkedListsStudy/linked-lists/PersonaLinkedList/PersonaDP.java,PersonaDP,setMarca/1[java.lang.String],false,84,0,1,0,3,0,0,1,84,0,0,0,0,0,0,1,0,0,0,0,0,4,1
/home/jovyan/work/toolkit/../dataSets/linkedListsStudy/linked-lists/PersonaLinkedList/PersonaDP.java,PersonaDP,getNombre/0,false,42,0,1,0,3,1,0,0,42,0,0,0,0,0,0,0,0,0,0,0,0,2,1
/home/jovyan/work/toolkit/../dataSets/linkedListsStudy/linked-lists/PersonaLinkedList/PersonaDP.java,PersonaDP,setId/1[java.lang.String],false,69,0,1,0,3,0,0,1,69,0,0,0,0,0,0,1,0,0,0,0,0,3,1
/home/jovyan/work/toolkit/../dataSets/linkedListsStudy/linked-lists/PersonaLinkedList/PersonaDP.java,PersonaDP,getId/0,false,37,0,1,0,3,1,0,0,37,0,0,0,0,0,0,0,0,0,0,0,0,2,1
/home/jovyan/work/toolkit/../dataSets/linkedListsStudy/linked-lists/PersonaLinkedList/PersonaDP.java,PersonaDP,setNombre/1[java.lang.String],false,74,0,1,0,3,0,0,1,74,0,0,0,0,0,0,1,0,0,0,0,0,3,1
/home/jovyan/work/toolkit/../dataSets/linkedListsStudy/linked-lists/PersonaLinkedList/PersonaDP.java,PersonaDP,PersonaDP/1[java.lang.String],true,25,0,1,1,8,0,1,1,25,0,0,0,0,1,0,6,0,0,0,0,0,7,1
/home/jovyan/work/toolkit/../dataSets/linkedListsStudy/linked-lists/PersonaLinkedList/PersonaDP.java,PersonaDP,setExistencia/1[java.lang.String],false,79,0,1,0,3,0,0,1,79,0,0,0,0,0,0,1,0,0,0,0,0,3,1
/home/jovyan/work/toolkit/../dataSets/linkedListsStudy/linked-lists/PersonaLinkedList/PersonaDP.java,PersonaDP,getMarca/0,false,52,0,1,0,3,1,0,0,52,0,0,0,0,0,0,0,0,0,0,0,0,2,1
/home/jovyan/work/toolkit/../dataSets/linkedListsStudy/linked-lists/PersonaLinkedList/PersonaDP.java,PersonaDP,getExistencia/0,false,47,0,1,0,3,1,0,0,47,0,0,0,0,0,0,0,0,0,0,0,0,2,1
/home/jovyan/work/toolkit/../dataSets/linkedListsStudy/linked-lists/PersonaLinkedList/PersonaDP.java,PersonaDP,getNext/0,false,63,1,1,0,3,1,0,0,63,0,0,0,0,0,0,0,0,0,0,0,0,5,1
/home/jovyan/work/toolkit/../dataSets/linkedListsStudy/linked-lists/PersonaLinkedList/PersonaDP.java,PersonaDP,toString/0,false,100,0,1,0,3,1,0,0,100,0,0,0,0,4,0,0,1,0,0,0,0,2,1
/home/jovyan/work/toolkit/../dataSets/linkedListsStudy/linked-lists/PersonaLinkedList/PersonaDP.java,PersonaDP,setNext/1[PersonaDP],false,94,1,1,0,3,0,0,1,94,0,0,0,0,0,0,1,0,0,0,0,0,6,1
/home/jovyan/work/toolkit/../dataSets/linkedListsStudy/linked-lists/PersonaLinkedList/PersonaDP.java,PersonaDP,PersonaDP/0,true,15,0,1,0,7,0,0,0,15,0,0,0,0,5,0,5,0,0,0,0,0,3,1
/home/jovyan/work/toolkit/../dataSets/linkedListsStudy/linked-lists/PersonaLinkedList/PersonaDP.java,PersonaDP,getPrecio/0,false,57,0,1,0,3,1,0,0,57,0,0,0,0,0,0,0,0,0,0,0,0,2,1
/home/jovyan/work/toolkit/../dataSets/linkedListsStudy/linked-lists/PersonaLinkedList/ArticulosIUG.java,ArticulosIUG,clrFields/0,false,140,0,1,1,7,0,0,0,140,0,0,0,0,5,0,0,0,0,0,0,0,2,1
/home/jovyan/work/toolkit/../dataSets/linkedListsStudy/linked-lists/PersonaLinkedList/ArticulosIUG.java,ArticulosIUG,habilitarCampos/1[boolean],false,168,0,1,1,7,0,0,1,168,0,0,0,0,0,0,0,0,0,0,0,0,3,1
/home/jovyan/work/toolkit/../dataSets/linkedListsStudy/linked-lists/PersonaLinkedList/ArticulosIUG.java,ArticulosIUG,main/1[java.lang.String[]],false,593,1,1,0,3,0,0,1,593,0,0,0,0,0,0,0,0,0,0,0,0,5,9
/home/jovyan/work/toolkit/../dataSets/linkedListsStudy/linked-lists/PersonaLinkedList/ArticulosIUG.java,ArticulosIUG,ArticulosIUG/0,true,35,0,1,6,76,0,0,0,35,0,0,0,0,26,6,28,0,0,0,0,0,58,1
/home/jovyan/work/toolkit/../dataSets/linkedListsStudy/linked-lists/PersonaLinkedList/ArticulosIUG.java,ArticulosIUG,habilitarBotones/1[boolean],false,149,0,1,2,15,0,0,1,149,0,0,0,0,0,0,0,0,0,0,0,0,4,1
/home/jovyan/work/toolkit/../dataSets/linkedListsStudy/linked-lists/PersonaLinkedList/ArticulosIUG.java,ArticulosIUG,consultar/1[java.lang.String],false,341,1,13,5,21,1,1,1,341,0,4,0,4,13,0,12,0,1,0,0,0,8,2
/home/jovyan/work/toolkit/../dataSets/linkedListsStudy/linked-lists/PersonaLinkedList/ArticulosIUG.java,ArticulosIUG,mostrar/1[java.lang.String],false,177,0,1,2,13,0,1,1,177,0,0,0,0,1,0,6,0,0,0,0,0,10,2
/home/jovyan/work/toolkit/../dataSets/linkedListsStudy/linked-lists/PersonaLinkedList/ArticulosIUG.java,ArticulosIUG,actionPerformed/1[java.awt.event.ActionEvent],false,428,2,35,20,96,0,3,1,428,0,13,0,10,37,2,20,0,3,0,0,0,42,1
/home/jovyan/work/toolkit/../dataSets/linkedListsStudy/linked-lists/PersonaLinkedList/ArticulosIUG.java,ArticulosIUG,obtenerDatos/0,false,216,1,12,6,34,1,3,0,216,0,3,1,2,14,2,16,2,5,0,0,0,20,2
/home/jovyan/work/toolkit/../dataSets/linkedListsStudy/linked-lists/PersonaLinkedList/ArticulosIUG.java,ArticulosIUG,modificarNodo/0,false,317,2,5,7,11,0,0,0,317,0,0,0,0,5,0,2,1,1,0,0,0,13,2
/home/jovyan/work/toolkit/../dataSets/linkedListsStudy/linked-lists/PersonaLinkedList/ArticulosIUG.java,ArticulosIUG,borrarNodo/0,false,303,2,1,5,7,0,0,0,303,0,0,0,0,0,0,1,0,0,0,0,0,11,2
/home/jovyan/work/toolkit/../dataSets/linkedListsStudy/linked-lists/PersonaLinkedList/ArticulosIUG.java,ArticulosIUG,notTokenizer/1[java.lang.String],false,194,0,4,2,12,1,3,1,194,2,2,0,2,0,3,7,0,1,0,0,0,8,1
/home/jovyan/work/toolkit/../dataSets/linkedListsStudy/linked-lists/PersonaLinkedList/ArticulosIUG.java,ArticulosIUG,realizarVenta/0,false,269,2,5,9,26,0,7,0,269,1,1,1,2,5,2,12,1,3,0,0,0,33,2
/home/jovyan/work/toolkit/../dataSets/linkedListsStudy/linked-lists/PersonaLinkedList/ArticulosIUG.java,ArticulosIUG,print/1[java.lang.String],false,382,0,23,3,16,0,0,1,382,0,0,0,10,36,0,0,3,1,0,0,0,34,2
/home/jovyan/work/toolkit/../dataSets/linkedListsStudy/linked-lists/PersonaLinkedList/PersonaAD.java,PersonaAD,consultarNombre/1[java.lang.String],false,135,1,5,4,21,1,3,1,135,1,4,0,2,3,0,10,0,3,0,0,0,12,1
/home/jovyan/work/toolkit/../dataSets/linkedListsStudy/linked-lists/PersonaLinkedList/PersonaAD.java,PersonaAD,modificarNodo/1[java.lang.String],false,165,1,1,3,9,1,3,1,165,0,0,0,0,3,0,5,0,0,0,0,0,8,1
/home/jovyan/work/toolkit/../dataSets/linkedListsStudy/linked-lists/PersonaLinkedList/PersonaAD.java,PersonaAD,crearNodoInicio/1[java.lang.String],false,57,1,2,1,15,2,1,1,57,0,1,0,0,1,0,5,2,1,0,0,0,13,1
/home/jovyan/work/toolkit/../dataSets/linkedListsStudy/linked-lists/PersonaLinkedList/PersonaAD.java,PersonaAD,datosListaArchivo/0,false,197,1,4,5,19,1,1,0,197,1,2,1,0,4,0,5,1,3,0,0,0,16,1
/home/jovyan/work/toolkit/../dataSets/linkedListsStudy/linked-lists/PersonaLinkedList/PersonaAD.java,PersonaAD,PersonaAD/0,true,12,1,3,5,14,0,1,0,12,1,0,1,0,3,0,3,1,2,0,0,0,15,1
/home/jovyan/work/toolkit/../dataSets/linkedListsStudy/linked-lists/PersonaLinkedList/PersonaAD.java,PersonaAD,vacia/0,false,76,0,2,0,5,1,1,0,76,0,1,0,0,0,0,2,0,0,0,0,0,5,1
/home/jovyan/work/toolkit/../dataSets/linkedListsStudy/linked-lists/PersonaLinkedList/PersonaAD.java,PersonaAD,borrarNodo/0,false,179,1,3,2,11,1,0,0,179,0,2,0,0,1,0,2,0,2,0,0,0,8,1
/home/jovyan/work/toolkit/../dataSets/linkedListsStudy/linked-lists/PersonaLinkedList/PersonaAD.java,PersonaAD,consultarNodo/0,false,86,1,3,2,12,1,1,0,86,1,2,0,0,3,0,5,1,2,0,0,0,6,1
/home/jovyan/work/toolkit/../dataSets/linkedListsStudy/linked-lists/PersonaLinkedList/PersonaAD.java,PersonaAD,crearNodo/1[java.lang.String],false,37,1,2,1,16,2,1,1,37,0,1,0,0,1,0,5,2,1,0,0,0,12,1
/home/jovyan/work/toolkit/../dataSets/linkedListsStudy/linked-lists/PersonaLinkedList/PersonaAD.java,PersonaAD,consultarId/1[java.lang.String],false,105,1,5,4,21,1,3,1,105,1,4,0,2,3,0,10,0,3,0,0,0,12,1
/home/jovyan/work/toolkit/../dataSets/linkedListsStudy/linked-lists/PersonaLinkedList/ArticulosAD.java,ArticulosAD,crearNodo/1[java.lang.String],false,76,1,2,1,16,2,1,1,76,0,1,0,0,1,0,5,2,1,0,0,0,12,1
/home/jovyan/work/toolkit/../dataSets/linkedListsStudy/linked-lists/PersonaLinkedList/ArticulosAD.java,ArticulosAD,consultarNodos/1[java.lang.String],false,126,1,5,3,8,1,1,1,126,0,0,0,0,7,0,5,0,0,0,0,0,7,1
/home/jovyan/work/toolkit/../dataSets/linkedListsStudy/linked-lists/PersonaLinkedList/ArticulosAD.java,ArticulosAD,consultarArchivo/1[java.lang.String],false,51,0,3,4,14,1,1,1,51,1,0,1,0,3,0,3,2,2,0,0,0,12,2
/home/jovyan/work/toolkit/../dataSets/linkedListsStudy/linked-lists/PersonaLinkedList/ArticulosAD.java,ArticulosAD,"consultarNodosAD/2[ArticulosDP,ArticulosDP]",false,144,1,3,2,12,1,1,2,144,1,2,0,0,3,0,5,1,2,0,0,0,10,2
/home/jovyan/work/toolkit/../dataSets/linkedListsStudy/linked-lists/PersonaLinkedList/ArticulosAD.java,ArticulosAD,"datosListaArchivoAD/3[java.lang.String,ArticulosDP,ArticulosDP]",false,263,1,4,5,19,1,1,3,263,1,2,1,0,3,0,5,1,3,0,0,0,19,1
/home/jovyan/work/toolkit/../dataSets/linkedListsStudy/linked-lists/PersonaLinkedList/ArticulosAD.java,ArticulosAD,borrarNodo/1[java.lang.String],false,296,1,3,2,11,1,0,1,296,0,2,0,0,1,0,2,0,2,0,0,0,9,1
/home/jovyan/work/toolkit/../dataSets/linkedListsStudy/linked-lists/PersonaLinkedList/ArticulosAD.java,ArticulosAD,consultarClave/1[java.lang.String],false,163,1,5,4,21,1,3,1,163,1,4,0,2,3,0,10,0,3,0,0,0,12,1
/home/jovyan/work/toolkit/../dataSets/linkedListsStudy/linked-lists/PersonaLinkedList/ArticulosAD.java,ArticulosAD,vacia/0,false,116,0,2,0,5,1,1,0,116,0,1,0,0,0,0,2,0,0,0,0,0,5,1
/home/jovyan/work/toolkit/../dataSets/linkedListsStudy/linked-lists/PersonaLinkedList/ArticulosAD.java,ArticulosAD,consultarMarca/1[java.lang.String],false,193,1,5,4,19,1,3,1,193,1,3,0,0,4,0,10,1,3,0,0,0,12,1
/home/jovyan/work/toolkit/../dataSets/linkedListsStudy/linked-lists/PersonaLinkedList/ArticulosAD.java,ArticulosAD,datosListaArchivo/1[java.lang.String],false,251,1,3,2,6,1,1,1,251,0,0,0,0,5,0,3,0,0,0,0,0,7,1
/home/jovyan/work/toolkit/../dataSets/linkedListsStudy/linked-lists/PersonaLinkedList/ArticulosAD.java,ArticulosAD,modificarNodo/1[java.lang.String],false,314,1,1,5,14,1,7,1,314,0,0,0,0,1,0,6,0,0,0,0,0,12,1
/home/jovyan/work/toolkit/../dataSets/linkedListsStudy/linked-lists/PersonaLinkedList/ArticulosAD.java,ArticulosAD,ArticulosAD/0,true,12,1,4,6,20,0,1,0,12,2,0,1,0,4,0,5,1,2,0,0,0,16,1
/home/jovyan/work/toolkit/../dataSets/linkedListsStudy/linked-lists/PersonaLinkedList/ArticulosAD.java,ArticulosAD,"crearNuevoNodoVentas/2[java.lang.String,int]",false,220,1,1,2,11,0,6,2,220,0,0,0,0,5,0,6,1,0,0,0,0,14,1
/home/jovyan/work/toolkit/../dataSets/linkedListsStudy/linked-lists/PersonaLinkedList/ArticulosAD.java,ArticulosAD,"venderArticulos/2[int,int]",false,235,2,1,4,10,1,4,2,235,0,0,0,0,3,1,7,1,0,0,0,0,13,1
/home/jovyan/work/toolkit/../dataSets/linkedListsStudy/linked-lists/PersonaLinkedList/ArticulosAD.java,ArticulosAD,crearNodoVentas/1[java.lang.String],false,96,1,2,1,16,2,1,1,96,0,1,0,0,1,0,5,2,1,0,0,0,14,1
/home/jovyan/work/toolkit/../dataSets/linkedListsStudy/linked-lists/Object-Oriented Programming Project/ExponencialGUI.java,ExponencialGUI,getPanel2/0,false,72,0,1,0,3,1,0,0,72,0,0,0,0,0,0,0,0,0,0,0,0,4,1
/home/jovyan/work/toolkit/../dataSets/linkedListsStudy/linked-lists/Object-Oriented Programming Project/ExponencialGUI.java,ExponencialGUI,mostrarExponencial/0,false,77,1,2,4,16,0,5,0,77,0,0,0,2,9,2,6,3,1,0,0,0,7,2
/home/jovyan/work/toolkit/../dataSets/linkedListsStudy/linked-lists/Object-Oriented Programming Project/ExponencialGUI.java,ExponencialGUI,actionPerformed/1[java.awt.event.ActionEvent],false,99,1,4,5,12,0,0,1,99,0,2,1,0,2,1,0,0,2,0,0,0,26,1
/home/jovyan/work/toolkit/../dataSets/linkedListsStudy/linked-lists/Object-Oriented Programming Project/ExponencialGUI.java,ExponencialGUI,main/1[java.lang.String[]],false,119,1,1,0,3,0,1,1,119,0,0,0,0,0,0,1,0,0,0,0,0,6,9
/home/jovyan/work/toolkit/../dataSets/linkedListsStudy/linked-lists/Object-Oriented Programming Project/ExponencialGUI.java,ExponencialGUI,ExponencialGUI/0,true,28,0,1,3,25,0,0,0,28,0,0,0,0,5,6,9,0,0,0,0,0,29,1
/home/jovyan/work/toolkit/../dataSets/linkedListsStudy/linked-lists/Object-Oriented Programming Project/GraphicsPD.java,GraphicsPD,GraphicsPD/1[java.lang.String],true,12,0,1,2,5,0,0,1,12,0,0,0,0,0,2,1,0,0,0,0,0,8,1
/home/jovyan/work/toolkit/../dataSets/linkedListsStudy/linked-lists/Object-Oriented Programming Project/GraphicsPD.java,GraphicsPD,paintComponent/1[java.awt.Graphics],false,19,0,15,5,46,0,7,1,19,7,0,0,0,7,49,12,24,2,0,0,0,7,1
/home/jovyan/work/toolkit/../dataSets/linkedListsStudy/linked-lists/Object-Oriented Programming Project/GraphicsPD.java,GraphicsPD,main/1[java.lang.String[]],false,89,1,1,0,3,0,0,1,89,0,0,0,0,0,0,0,0,0,0,0,0,5,9
/home/jovyan/work/toolkit/../dataSets/linkedListsStudy/linked-lists/Object-Oriented Programming Project/BancoGUI.java,BancoGUI,BancoGUI/0,true,16,0,1,3,46,0,0,0,16,0,0,0,0,12,4,19,0,0,0,0,0,39,1
/home/jovyan/work/toolkit/../dataSets/linkedListsStudy/linked-lists/Object-Oriented Programming Project/BancoGUI.java,BancoGUI,getPanel2/0,false,90,0,1,0,3,1,0,0,90,0,0,0,0,0,0,0,0,0,0,0,0,4,1
/home/jovyan/work/toolkit/../dataSets/linkedListsStudy/linked-lists/Object-Oriented Programming Project/BancoGUI.java,BancoGUI,main/1[java.lang.String[]],false,307,1,1,0,3,0,0,1,307,0,0,0,0,0,0,0,0,0,0,0,0,5,9
/home/jovyan/work/toolkit/../dataSets/linkedListsStudy/linked-lists/Object-Oriented Programming Project/BancoGUI.java,BancoGUI,actionPerformed/1[java.awt.event.ActionEvent],false,174,2,19,13,75,0,9,1,174,0,6,0,1,24,1,10,0,5,0,0,0,47,1
/home/jovyan/work/toolkit/../dataSets/linkedListsStudy/linked-lists/Object-Oriented Programming Project/BancoGUI.java,BancoGUI,mostrar/1[java.lang.String],false,163,0,1,2,8,0,1,1,163,0,0,0,0,1,0,1,0,0,0,0,0,5,1
/home/jovyan/work/toolkit/../dataSets/linkedListsStudy/linked-lists/Object-Oriented Programming Project/BancoGUI.java,BancoGUI,obtenerDatos/0,false,95,0,12,4,44,1,16,0,95,0,3,3,6,15,8,23,1,3,0,0,0,27,2
/home/jovyan/work/toolkit/../dataSets/linkedListsStudy/linked-lists/Object-Oriented Programming Project/BancoGUI.java,BancoGUI,clrScreen/0,false,155,0,1,1,6,0,0,0,155,0,0,0,0,4,0,0,0,0,0,0,0,2,1
/home/jovyan/work/toolkit/../dataSets/linkedListsStudy/linked-lists/Object-Oriented Programming Project/ArticuloAD.java,ArticuloAD,consultarClave/1[java.lang.String],false,61,0,6,6,25,1,6,1,61,1,1,1,1,8,1,13,1,3,0,0,0,23,1
/home/jovyan/work/toolkit/../dataSets/linkedListsStudy/linked-lists/Object-Oriented Programming Project/ArticuloAD.java,ArticuloAD,"sobreescribirDatos/2[java.lang.String,java.lang.String]",false,104,0,4,8,26,1,5,2,104,1,0,1,0,7,2,10,1,3,0,0,0,26,1
/home/jovyan/work/toolkit/../dataSets/linkedListsStudy/linked-lists/Object-Oriented Programming Project/ArticuloAD.java,ArticuloAD,consultar/0,false,35,0,3,4,15,1,1,0,35,1,0,1,0,5,0,4,2,2,0,0,0,12,1
/home/jovyan/work/toolkit/../dataSets/linkedListsStudy/linked-lists/Object-Oriented Programming Project/ArticuloAD.java,ArticuloAD,consultarNombre/1[java.lang.String],false,189,0,6,6,27,1,8,1,189,1,1,1,1,10,1,17,1,3,0,0,0,25,1
/home/jovyan/work/toolkit/../dataSets/linkedListsStudy/linked-lists/Object-Oriented Programming Project/ArticuloAD.java,ArticuloAD,capturar/1[java.lang.String],false,10,0,2,3,14,1,5,1,10,0,0,1,0,6,1,5,2,1,0,0,0,20,1
/home/jovyan/work/toolkit/../dataSets/linkedListsStudy/linked-lists/Object-Oriented Programming Project/ArticuloAD.java,ArticuloAD,consultarMarca/1[java.lang.String],false,149,0,5,5,24,1,7,1,149,1,1,1,0,11,0,15,2,3,0,0,0,24,1
/home/jovyan/work/toolkit/../dataSets/linkedListsStudy/linked-lists/Object-Oriented Programming Project/GraphicsGUI.java,GraphicsGUI,main/1[java.lang.String[]],false,111,1,1,0,3,0,0,1,111,0,0,0,0,0,0,0,0,0,0,0,0,5,9
/home/jovyan/work/toolkit/../dataSets/linkedListsStudy/linked-lists/Object-Oriented Programming Project/GraphicsGUI.java,GraphicsGUI,actionPerformed/1[java.awt.event.ActionEvent],false,84,1,9,3,10,0,0,1,84,0,8,0,0,7,1,0,0,0,0,0,0,14,1
/home/jovyan/work/toolkit/../dataSets/linkedListsStudy/linked-lists/Object-Oriented Programming Project/GraphicsGUI.java,GraphicsGUI,GraphicsGUI/0,true,19,0,1,6,35,0,0,0,19,0,0,0,0,11,2,11,0,0,0,0,0,24,1
/home/jovyan/work/toolkit/../dataSets/linkedListsStudy/linked-lists/Object-Oriented Programming Project/GraphicsGUI.java,GraphicsGUI,crearFigura/1[java.lang.String],false,74,1,2,2,7,0,0,1,74,0,1,0,0,0,0,1,0,1,0,0,0,10,2
/home/jovyan/work/toolkit/../dataSets/linkedListsStudy/linked-lists/Object-Oriented Programming Project/BancoAD.java,BancoAD,consultarCuenta/1[java.lang.String],false,61,0,6,6,25,1,6,1,61,1,1,1,1,8,1,13,1,3,0,0,0,23,1
/home/jovyan/work/toolkit/../dataSets/linkedListsStudy/linked-lists/Object-Oriented Programming Project/BancoAD.java,BancoAD,"sobreescribirDatos/2[java.lang.String,java.lang.String]",false,104,0,4,8,26,1,5,2,104,1,0,1,0,7,2,10,1,3,0,0,0,26,1
/home/jovyan/work/toolkit/../dataSets/linkedListsStudy/linked-lists/Object-Oriented Programming Project/BancoAD.java,BancoAD,consultar/0,false,35,0,3,4,15,1,1,0,35,1,0,1,0,5,0,4,2,2,0,0,0,12,1
/home/jovyan/work/toolkit/../dataSets/linkedListsStudy/linked-lists/Object-Oriented Programming Project/BancoAD.java,BancoAD,consultarNombre/1[java.lang.String],false,190,0,6,6,27,1,8,1,190,1,1,1,1,10,1,17,1,3,0,0,0,25,1
/home/jovyan/work/toolkit/../dataSets/linkedListsStudy/linked-lists/Object-Oriented Programming Project/BancoAD.java,BancoAD,capturar/1[java.lang.String],false,10,0,2,3,14,1,5,1,10,0,0,1,0,6,1,5,2,1,0,0,0,20,1
/home/jovyan/work/toolkit/../dataSets/linkedListsStudy/linked-lists/Object-Oriented Programming Project/BancoAD.java,BancoAD,consultarTipo/1[java.lang.String],false,149,0,5,5,25,1,7,1,149,1,1,1,0,11,0,16,2,3,0,0,0,24,1
/home/jovyan/work/toolkit/../dataSets/linkedListsStudy/linked-lists/Object-Oriented Programming Project/Calculadora.java,Calculadora,Calculadora/0,true,42,0,1,7,65,0,0,0,42,0,0,0,0,18,6,19,0,0,0,0,0,35,1
/home/jovyan/work/toolkit/../dataSets/linkedListsStudy/linked-lists/Object-Oriented Programming Project/Calculadora.java,Calculadora,Graphics/0,false,37,0,1,0,2,0,0,0,37,0,0,0,0,0,0,0,0,0,0,0,0,1,1
/home/jovyan/work/toolkit/../dataSets/linkedListsStudy/linked-lists/Object-Oriented Programming Project/Calculadora.java,Calculadora,factorial/0,false,130,1,4,4,27,3,2,0,130,0,2,0,1,4,10,12,0,2,0,0,0,9,1
/home/jovyan/work/toolkit/../dataSets/linkedListsStudy/linked-lists/Object-Oriented Programming Project/Calculadora.java,Calculadora,main/1[java.lang.String[]],false,377,1,1,1,4,0,1,1,377,0,0,0,0,0,0,1,0,0,0,0,0,3,9
/home/jovyan/work/toolkit/../dataSets/linkedListsStudy/linked-lists/Object-Oriented Programming Project/Calculadora.java,Calculadora,actionPerformed/1[java.awt.event.ActionEvent],false,168,1,35,7,135,0,3,1,168,0,34,0,4,22,23,45,14,2,0,0,0,38,1
/home/jovyan/work/toolkit/../dataSets/linkedListsStudy/linked-lists/Object-Oriented Programming Project/CalculoPD.java,CalculoPD,serieUNO/1[long],false,395,1,9,1,35,1,4,1,395,1,5,0,2,12,10,14,7,3,0,0,0,22,1
/home/jovyan/work/toolkit/../dataSets/linkedListsStudy/linked-lists/Object-Oriented Programming Project/CalculoPD.java,CalculoPD,operacionesDos/1[int],false,354,0,3,0,15,1,3,1,354,1,1,0,0,4,3,6,4,2,0,0,0,7,1
/home/jovyan/work/toolkit/../dataSets/linkedListsStudy/linked-lists/Object-Oriented Programming Project/CalculoPD.java,CalculoPD,"expo/2[int,int]",false,108,0,5,0,16,1,2,2,108,2,0,0,0,0,5,5,2,3,0,0,0,5,1
/home/jovyan/work/toolkit/../dataSets/linkedListsStudy/linked-lists/Object-Oriented Programming Project/CalculoPD.java,CalculoPD,factr/1[float],false,96,0,2,0,8,1,2,1,96,1,0,0,0,0,2,3,1,1,0,0,0,4,1
/home/jovyan/work/toolkit/../dataSets/linkedListsStudy/linked-lists/Object-Oriented Programming Project/CalculoPD.java,CalculoPD,fact/1[long],false,67,0,2,0,8,1,2,1,67,1,0,0,0,0,2,3,1,1,0,0,0,4,1
/home/jovyan/work/toolkit/../dataSets/linkedListsStudy/linked-lists/Object-Oriented Programming Project/CalculoPD.java,CalculoPD,operacionesUno/1[int],false,335,0,3,0,14,1,3,1,335,1,1,0,0,2,2,6,3,2,0,0,0,6,1
/home/jovyan/work/toolkit/../dataSets/linkedListsStudy/linked-lists/Object-Oriented Programming Project/CalculoPD.java,CalculoPD,factorial/1[long],false,7,0,4,0,17,1,3,1,7,1,1,0,0,2,3,6,3,3,0,0,0,6,1
/home/jovyan/work/toolkit/../dataSets/linkedListsStudy/linked-lists/Object-Oriented Programming Project/CalculoPD.java,CalculoPD,sumaDos/1[int],false,310,0,2,0,8,1,2,1,310,1,0,0,0,0,3,3,2,1,0,0,0,5,1
/home/jovyan/work/toolkit/../dataSets/linkedListsStudy/linked-lists/Object-Oriented Programming Project/CalculoPD.java,CalculoPD,"calcularRaices/3[double,double,double]",false,221,0,7,1,38,1,5,3,221,0,5,0,8,12,13,14,19,3,0,0,0,14,1
/home/jovyan/work/toolkit/../dataSets/linkedListsStudy/linked-lists/Object-Oriented Programming Project/CalculoPD.java,CalculoPD,table/1[long],false,284,0,2,0,10,1,3,1,284,1,0,0,0,5,2,4,3,1,0,0,0,9,1
/home/jovyan/work/toolkit/../dataSets/linkedListsStudy/linked-lists/Object-Oriented Programming Project/CalculoPD.java,CalculoPD,ser/1[int],false,208,1,2,1,10,1,3,1,208,1,0,0,0,0,4,5,3,1,0,0,0,7,1
/home/jovyan/work/toolkit/../dataSets/linkedListsStudy/linked-lists/Object-Oriented Programming Project/CalculoPD.java,CalculoPD,sumaTres/1[int],false,322,0,2,0,9,1,3,1,322,1,0,0,0,0,4,4,3,1,0,0,0,6,1
/home/jovyan/work/toolkit/../dataSets/linkedListsStudy/linked-lists/Object-Oriented Programming Project/CalculoPD.java,CalculoPD,fact1/1[double],false,78,0,3,0,13,2,4,1,78,1,1,0,0,1,5,7,2,2,0,0,0,6,1
/home/jovyan/work/toolkit/../dataSets/linkedListsStudy/linked-lists/Object-Oriented Programming Project/CalculoPD.java,CalculoPD,"exponencialLong/2[long,long]",false,135,0,11,0,29,2,3,2,135,2,6,0,2,2,16,11,4,4,0,0,0,7,1
/home/jovyan/work/toolkit/../dataSets/linkedListsStudy/linked-lists/Object-Oriented Programming Project/CalculoPD.java,CalculoPD,serie/1[int],false,184,1,3,1,17,1,4,1,184,1,1,0,0,4,4,8,5,2,0,0,0,8,1
/home/jovyan/work/toolkit/../dataSets/linkedListsStudy/linked-lists/Object-Oriented Programming Project/CalculoPD.java,CalculoPD,sumaUno/1[int],false,299,0,2,0,7,1,2,1,299,1,0,0,0,0,2,3,1,1,0,0,0,4,1
/home/jovyan/work/toolkit/../dataSets/linkedListsStudy/linked-lists/Object-Oriented Programming Project/CalculoPD.java,CalculoPD,"calculadora/3[float,float,int]",false,448,0,7,0,20,1,1,3,448,0,0,0,0,0,8,3,2,0,0,0,0,5,1
/home/jovyan/work/toolkit/../dataSets/linkedListsStudy/linked-lists/Object-Oriented Programming Project/CalculoPD.java,CalculoPD,"exponencial/2[int,int]",false,35,0,5,0,21,1,4,2,35,2,1,0,0,2,4,8,4,3,0,0,0,8,1
/home/jovyan/work/toolkit/../dataSets/linkedListsStudy/linked-lists/Object-Oriented Programming Project/CalculoPD.java,CalculoPD,"degrees/2[int,double]",false,272,0,3,0,10,1,1,2,272,0,2,0,2,0,7,3,4,1,0,0,0,4,1
/home/jovyan/work/toolkit/../dataSets/linkedListsStudy/linked-lists/Object-Oriented Programming Project/CalculoPD.java,CalculoPD,operacionesTres/1[int],false,374,0,3,0,16,1,4,1,374,1,1,0,0,4,5,7,6,2,0,0,0,8,1
/home/jovyan/work/toolkit/../dataSets/linkedListsStudy/linked-lists/Object-Oriented Programming Project/VariosGUI.java,VariosGUI,VariosGUI/0,true,24,0,1,3,27,0,0,0,24,0,0,0,0,6,5,9,0,0,0,0,0,29,1
/home/jovyan/work/toolkit/../dataSets/linkedListsStudy/linked-lists/Object-Oriented Programming Project/VariosGUI.java,VariosGUI,getPanel2/0,false,69,0,1,0,3,1,0,0,69,0,0,0,0,0,0,0,0,0,0,0,0,4,1
/home/jovyan/work/toolkit/../dataSets/linkedListsStudy/linked-lists/Object-Oriented Programming Project/VariosGUI.java,VariosGUI,getFactorial/0,false,74,1,2,4,13,0,3,0,74,0,0,0,2,2,1,4,1,1,0,0,0,9,1
/home/jovyan/work/toolkit/../dataSets/linkedListsStudy/linked-lists/Object-Oriented Programming Project/VariosGUI.java,VariosGUI,actionPerformed/1[java.awt.event.ActionEvent],false,111,1,8,7,30,0,0,1,111,0,4,3,0,6,1,0,0,2,0,0,0,29,1
/home/jovyan/work/toolkit/../dataSets/linkedListsStudy/linked-lists/Object-Oriented Programming Project/VariosGUI.java,VariosGUI,getSerie/0,false,101,1,1,4,8,0,3,0,101,0,0,0,1,0,0,3,0,0,0,0,0,5,1
/home/jovyan/work/toolkit/../dataSets/linkedListsStudy/linked-lists/Object-Oriented Programming Project/VariosGUI.java,VariosGUI,getTabla/0,false,91,1,1,4,8,0,3,0,91,0,0,0,1,0,0,3,0,0,0,0,0,5,1
/home/jovyan/work/toolkit/../dataSets/linkedListsStudy/linked-lists/Object-Oriented Programming Project/VariosGUI.java,VariosGUI,main/1[java.lang.String[]],false,156,1,1,0,3,0,0,1,156,0,0,0,0,0,0,0,0,0,0,0,0,5,9
/home/jovyan/work/toolkit/../dataSets/linkedListsStudy/linked-lists/Object-Oriented Programming Project/ProyectoGUI.java,ProyectoGUI,actionPerformed/1[java.awt.event.ActionEvent],false,144,8,34,10,149,0,0,1,144,0,33,0,0,7,0,16,0,2,0,0,0,31,1
/home/jovyan/work/toolkit/../dataSets/linkedListsStudy/linked-lists/Object-Oriented Programming Project/ProyectoGUI.java,ProyectoGUI,ProyectoGUI/0,true,19,0,1,6,78,0,0,0,19,0,0,0,0,28,2,29,0,0,0,0,0,41,1
/home/jovyan/work/toolkit/../dataSets/linkedListsStudy/linked-lists/Object-Oriented Programming Project/ProyectoGUI.java,ProyectoGUI,main/1[java.lang.String[]],false,346,1,1,1,4,0,1,1,346,0,0,0,0,0,0,1,0,0,0,0,0,6,9
/home/jovyan/work/toolkit/../dataSets/linkedListsStudy/linked-lists/Object-Oriented Programming Project/EcuacionGUI.java,EcuacionGUI,getPanel2/0,false,86,0,1,0,3,1,0,0,86,0,0,0,0,0,0,0,0,0,0,0,0,4,1
/home/jovyan/work/toolkit/../dataSets/linkedListsStudy/linked-lists/Object-Oriented Programming Project/EcuacionGUI.java,EcuacionGUI,ecuacion/0,false,91,1,1,4,13,0,5,0,91,0,0,0,3,4,0,7,2,0,0,0,0,6,2
/home/jovyan/work/toolkit/../dataSets/linkedListsStudy/linked-lists/Object-Oriented Programming Project/EcuacionGUI.java,EcuacionGUI,EcuacionGUI/0,true,36,0,1,3,27,0,0,0,36,0,0,0,0,6,4,9,0,0,0,0,0,31,1
/home/jovyan/work/toolkit/../dataSets/linkedListsStudy/linked-lists/Object-Oriented Programming Project/EcuacionGUI.java,EcuacionGUI,actionPerformed/1[java.awt.event.ActionEvent],false,111,1,4,5,12,0,0,1,111,0,2,1,0,2,1,0,0,2,0,0,0,23,1
/home/jovyan/work/toolkit/../dataSets/linkedListsStudy/linked-lists/Object-Oriented Programming Project/EcuacionGUI.java,EcuacionGUI,main/1[java.lang.String[]],false,132,1,1,0,3,0,1,1,132,0,0,0,0,0,0,1,0,0,0,0,0,6,9
/home/jovyan/work/toolkit/../dataSets/linkedListsStudy/linked-lists/Object-Oriented Programming Project/ArticuloGUI.java,ArticuloGUI,mostrar/1[java.lang.String],false,170,0,1,2,9,0,1,1,170,0,0,0,0,1,0,1,0,0,0,0,0,5,1
/home/jovyan/work/toolkit/../dataSets/linkedListsStudy/linked-lists/Object-Oriented Programming Project/ArticuloGUI.java,ArticuloGUI,clrScreen/0,false,161,0,1,1,7,0,0,0,161,0,0,0,0,5,0,0,0,0,0,0,0,2,1
/home/jovyan/work/toolkit/../dataSets/linkedListsStudy/linked-lists/Object-Oriented Programming Project/ArticuloGUI.java,ArticuloGUI,main/1[java.lang.String[]],false,290,1,1,0,3,0,0,1,290,0,0,0,0,0,0,0,0,0,0,0,0,5,9
/home/jovyan/work/toolkit/../dataSets/linkedListsStudy/linked-lists/Object-Oriented Programming Project/ArticuloGUI.java,ArticuloGUI,getPanel2/0,false,93,0,1,0,3,1,0,0,93,0,0,0,0,0,0,0,0,0,0,0,0,4,1
/home/jovyan/work/toolkit/../dataSets/linkedListsStudy/linked-lists/Object-Oriented Programming Project/ArticuloGUI.java,ArticuloGUI,obtenerDatos/0,false,98,0,13,4,46,1,16,0,98,0,3,3,7,17,8,25,1,3,0,0,0,29,2
/home/jovyan/work/toolkit/../dataSets/linkedListsStudy/linked-lists/Object-Oriented Programming Project/ArticuloGUI.java,ArticuloGUI,ArticuloGUI/0,true,16,0,1,3,48,0,0,0,16,0,0,0,0,12,4,19,0,0,0,0,0,34,1
/home/jovyan/work/toolkit/../dataSets/linkedListsStudy/linked-lists/Object-Oriented Programming Project/ArticuloGUI.java,ArticuloGUI,actionPerformed/1[java.awt.event.ActionEvent],false,182,2,16,12,59,0,6,1,182,0,5,0,1,20,1,8,0,5,0,0,0,40,1
/home/jovyan/work/toolkit/../dataSets/linkedListsStudy/linked-lists/Object-Oriented Programming Project/ConversionGradosGUI.java,ConversionGradosGUI,getPanel2/0,false,69,0,1,0,3,1,0,0,69,0,0,0,0,0,0,0,0,0,0,0,0,4,1
/home/jovyan/work/toolkit/../dataSets/linkedListsStudy/linked-lists/Object-Oriented Programming Project/ConversionGradosGUI.java,ConversionGradosGUI,main/1[java.lang.String[]],false,127,1,1,0,3,0,0,1,127,0,0,0,0,0,0,0,0,0,0,0,0,6,9
/home/jovyan/work/toolkit/../dataSets/linkedListsStudy/linked-lists/Object-Oriented Programming Project/ConversionGradosGUI.java,ConversionGradosGUI,actionPerformed/1[java.awt.event.ActionEvent],false,93,1,6,5,23,0,0,1,93,0,3,2,0,4,3,2,0,2,0,0,0,24,1
/home/jovyan/work/toolkit/../dataSets/linkedListsStudy/linked-lists/Object-Oriented Programming Project/ConversionGradosGUI.java,ConversionGradosGUI,gradosCentigrados/0,false,74,1,2,4,14,0,3,0,74,0,1,0,3,4,1,5,2,1,0,0,0,7,1
/home/jovyan/work/toolkit/../dataSets/linkedListsStudy/linked-lists/Object-Oriented Programming Project/ConversionGradosGUI.java,ConversionGradosGUI,ConversionGradosGUI/0,true,27,0,1,3,24,0,0,0,27,0,0,0,0,5,5,8,0,0,0,0,0,29,1
